text,sentiment
says BAD TRIP! (angry)  http://plurk.com/p/wxshi,0
 that sounds foreboding...,0
" _kat I`ve begged my mum to lt me get them out the attic.. but she wont let me  Waaa... and yes, was spoilt! hehe!",0
"is really, really bored... I guess I will go to bed",0
I just stuck my finger down my throat and there are a bunch of bumps on my tongue & throat.,0
" pictures of your bliss?  In JPEG format?  Sorry, it`s message board terminology and u don`t play w/us on the boards",0
My teratoma has a cavity and is experiencing male-pattern baldness,0
First ever dropped call on my mobile. On a call to  no less! ( being charged for data even though I have a data pack  ),0
Found out that a schoolmate died of an heart attack this morning. He was barely 35  will miss u bally!,0
 doesnt look good  we have to go burn some lampions,0
" And these poor, unfortunate souls don`t appear to have any pants at all...  ? http://blip.fm/~78qvz",0
It`s pissing me off and not letting me follow ericka,0
 Had one of the female servers tell her **** looks big in those pants. She will worry all night long Lol,0
I spent an hour this morning going through yearbooks to see when each senior started to Harleton. My speech will be so boring.,0
" I am sure every office has them. Men and women with no capacity to realize they should SHUT THE UNHOLY **** UP, Christ",0
" yea, feel like im bein ignored",0
This is getting on my nerves. I cant change my pic,0
 i have a weird subconscience. i wonder who will i dream next,0
"#DuckRaces in the bath don`t quite work  Especially if you have no ducks! Only a polar bear,a seal & a whale.",0
were playing at 7 @ club impact tomorrow! finally got shirts! woopity doo! i want a slurpeeee sooo bad right now,0
will deplurk! GAH!! need to concentrate on Jap! Visit my http://jynxedpanda.com (site) if you have time  heh... http://plurk.com/p/rr2ly,0
 wtf pogs are back too?,0
" -- No fair, I want a sticker but I just moved away from London",0
 gonna go home and TRY to take a nap. I am emotionally exhausted   ... I will be in after.. <3,0
on my way to work. I`M SO HUNGRY!,0
I cant get all my rwitters on my phone this phone sucks,0
 i cantttt.  my grandparents are here.,0
Bad Day. History Test Tommorrow. And I want to go out in the sun and play..,0
wtf come i need this day to go by,0
" Wow, I`ve officially lost all faith in Britain, looks like our wishes weren`t met, sadly",0
_Girl OOC sorry we keep missing each other...,0
I give in to easily,0
: aww im sorry honey.  that stinks,0
 awww. i wish i had a younger sis ): but i do have an older one!!! i bet your younger sis loves it JUST as much as u do!,0
http://twitpic.com/67qv3 - Me at Forever 21  Ethan couldn`t be there,0
goodness gracious my chair broke,0
 im so jealous! I want to go to ny,0
Im @ the dentist  ....scary people here...,0
 that`s a mess  I`ll look for it next week,0
 So sorry to hear your terrible news   Thinking of you all x,0
all my pancakes always end up soggy.,0
"left school just now. my new dress broke, the strap ripped off",0
 LMAAAOOOOO that is horrible. Poor thing,0
Webcams Hoepfner Burgfest in #Karlsruhe: Automatic reload #fail http://bit.ly/Vdtvf,0
(sigh) guess we`re not gonna meet up today.,0
" Lakers, baby Lakers!! I`ll miss the game tmwr. I have to work  you`ll have to keep me posted please",0
My car is broken.,0
hm seems to have been because my blog was marked as a phishing site,0
I think I have hayfever. Not sure due to wearing next to nothing in horrific weather on wed.,0
With bff _chrissy22 glad she got that dog out of here lol my stomatch hurts,0
heyheyheyheyehyeyyyyyyyyyyyyyyyy noo tokio hotel tshirts im friad omg shame,0
So bored  waiting for class to start. Sigh midterms next week >_<,0
Super bummed the Whitecaps game plans with friends fell through...I now need to be home by 7 to let the sitter go,0
 Why I aint on ur #FF list? im hurt,0
i wanna leave work already! Not feelin it 2day,0
saddest celeb story of the week  http://bit.ly/h09Ph,0
_distel Maybe u have natural ability for languages  I envy u on that !!,0
Daddy just left.................without me  http://yfrog.com/13pdrmj,0
Willie is pouting because Grandma didn`t put any treats on my food  http://apps.facebook.com/dogbook/profile/view/6877293,0
seriously getting hurt.... 4 days before nationals.. what a joke,0
The fam back on the Big Island said the vog has been so bad that they can`t see the ocean. Sad!,0
Wait...  and ... Electrik Red or Richgirl?  I`m a sucker for the later,0
A long and stressful day coming up tomorrow. Have to write responses to EOI; doing a colleagues job,0
 The party has to be moved to next weekend  ..stupid weather.,0
"Oh ffs :@ a don`t get paid till monday :@:@:@ :$. Sorry william, gonna have to wait till next weekend till I give you ï¿½  :@",0
I`m bummed that I didn`t get TEDx tickets,0
"Have to walk to school, and i have two welts on my thighs!",0
" yeah, I just realise the organiser dun let performing artist/djs drink on stage  tight malaysian laws n rules here",0
Watching Dr. Phil`s special on same-**** marriage. It`s sad how ignorant some people are,0
@_anniemay OMG No fair,0
 Glad TS brought it! Sorry about ur foot shorty...ur gonna have to relax wit the heels,0
Trying to sleep without any pills... Not working. 3am and wide awake. But now it`s too late to take them because I`ll sleep til 3pm,0
 ...as well as bell hooks Teaching to Transgress.  Sometimes I miss teaching & messing with bad system.,0
 we watched that one day in the middle of playing-- it REALLY doesn`t hold up,0
Boy is going to a movie. I wish I didn`t feel like ****.,0
 aww BBQ? that`s not fair  all i had was chocolate,0
gosh today sucks! i didnt get my tax returns! im so upset cuz now i have to miss my best friends wedding in washington...lame,0
" Yeah, and that`s where everything becomes difficult and generalisations break down. Not an easy problem  .",0
'I`m giving up on you. I don`t care how you mess up your life now.'... :`(,0
Just got to the hospital. Jimmys really bad....please please send your good thoughts. I`m really worried.,0
still hoping for a job... but now i have strep so looks like i wont be looking around places for the next couple of days,0
" did you decide it is a sprain? mine has been bothering me again, but never had it checked out",0
Apperently ea knows my copy of the sims 3 is not legit and is upset,0
House hunting for next year= No FUN!,0
" awww, im so sorry hun  im sure she didn`t do it on purpose though, she seems so sweet! Maybe it was a 24 hour thing? :s",0
went to the dmv today.....some things never change,0
" no, but I will. It just seems such a cruel condition",0
_Rain oh what the hell  way to tell me.,0
would rather be with the bride doing last minute wedding stuff instead of being stuck behind a desk until 5.  Someday...,0
I didn`t get my q`doba today! sad,0
"imissu, come back home now honey",0
So tired & ready for bed!! Really in the mood for salt & pepper chicken wings & noodles but have no money on me for a Chinese!,0
So I slept 12 hrs! My body is aching,0
Oops that would be #edaust09,0
Going to the doctors now. Scared as ****.,0
i know i was wrong. maybe i shouldnt did all of those **** things like that,0
i have become my mothers slave.,0
" always come up when we have the money least, it`s the rotten law of averages",0
just waking up...ahh i have a headache,0
Loll whats boyfriend #2 supposed to mean then?  its to cold,0
Two dozen roses sent  overnight and delivered this morning. Just found out the recipient is out of town!! Sad,0
 i got a messgae but it didnt work cause i have a text saver not like money credit  im sad now. wat do i do?? xoxo,0
"Not looking forward to next week: Maths, Geography, English and French exams, totalling 7 hours",0
Omg. I got no sleep again. Neighbors are building a deck & they`ve been starting @ 5:00am. I`m SO tired. Feel like I just took Benadryl,0
Frustrated with copying 13Gigs across USB 1.1.Stupid old servers,0
SO BORED.,0
i feel like **** right now and i have one more month of school left  FML HARD,0
i miss rich,0
" How hard is it 2 be running back an forth constantly? Ya kno workin all the time, havin crazy sleepin schedules? Must be hard",0
 go and see my puppy! I don`t want to be there alone,0
_fann coming up! Sowwy!,0
"  Is competition around the corner? if not take it slow for at least a week. Twisted my ankle back in jc, awfully painful.",0
Greg Pritchard was ROBBED of a place in the final of BGT... Cry baby ****-face got through instead,0
 I accidentaly slammed my finger in the trunk,0
I am so tired!,0
 Chowder is the ****!!!!!!,0
 I am so sorry.,0
"wants to move to QLD already, this cold weather is killing me",0
Hate I am going to miss the tweet up this weekend,0
_ I don`t see how there could possibly be another choice.,0
It`s too hot. I hate summer  #harrymcflytosing,0
"Finally picked up some handwraps, but struggling to wrap my stronger hand with the other! Defo should have got some a lot sooner though",0
"is disappointed to learn Newark, OH cancelled their july 4 fireworks due to the economy",0
 I heard from  &  you`re away. I miss you too  Look forward to tweeting with you when you return.,0
F.Y.I. a lot of you people that are following me i have unfollowed a lot of you  yer kinda boring me or not really helpful to my e-growth!,0
Argh noo! Missed The Killers on Wossy!  That sucks! Missed out on Brandon. Total failure! Anyone know if it`s repeated? Must investigate!,0
Out for an evening on the town with jeremy. Sad Carrie can`t come,0
This class is really long and I`m really getting hungry,0
I have a belly ache...,0
"Wanna know a not fun way to wake up? Having a panic attack and not being able to breath for no **** reason, that **** sucked",0
 Not yet... sorry,0
" ugh! I have a knee injury too, except mine is just an infected cut that hurts like hell",0
No betta nest  I think despite the heater it gets too chilly at night,0
am hungry agaaaaaaiiiin maaaam,0
" Ooh, jealous. I just have yoghurt and some carrots.",0
Hates that my a.c doesn`t work! Its so hot,0
"Two months ago, I became worthless.",0
"Sitting watching britain`s got f all talent, but have watched a small girl cry and it`s sad",0
So effing tired  http://bit.ly/e0ZFz,0
 I dunno...I thought I was funny,0
 Unless that invite comes with a beta key I`m not going to be much help...,0
eating hawain pizza for breakfast  its a bit cold,0
Can`t believe those idiots buzzed out the juggler.,0
 what about me  I miss you too!,0
 **** - doesn`t show how people are more conservative in blackjack,0
Suddenly I remember all the memories with him  ohhh please,0
 AHHHHHHH!!!!! its my 16th birthday  And i cant belive i found out im seeing yous tonight  Best present everr!!! <333333333,0
"  We don`t feel too comfortable using it. It`s not awful, but pretty icky.  Scurrying to find a deal...",0
 Just read that message about u being at Stephanie`s in Greensboro.....love it! I miss my home!,0
" i gotta say, i`m a little jealous",0
Im bored   -musiic[BOX],0
"Is in the badbooks again, don`t know why I bother",0
 hahahaha! i haven`t been out with my friends since sunday! i`m so lame,0
"still can`t figure this twitter thing out, i can`t my background pic to stick and i can`t seem to change my profile pic",0
 ia so much! i haven`t really been happy with any of cooks choices for singles.,0
Just paid my bills now I have no money,0
**** week all **** week  off to the gym now with the worst headache.,0
  it wont let me vote even tho im signed in,0
My head`s THUMPING.,0
Off to get ready for toms..  gotta go make sure he`s not done anything stupid  ill tweet later.,0
gettin ready to put on a show  ugh i really hope ppl dont comee,0
_Ferman that`s so weak!!  facebook fail,0
"thanks to the forever 21 curse that makes you spend 3 hours there everytime you go in, i couldnt go tanning today",0
 That sucks! I`m going to be doing summer school.  Need to catch up on several units,0
_WSt the wheater here in Austria should be bad for the whole weekend. Sorry!,0
i have had the worst headache ever in the history of worst headaches today!  man i hate those!,0
" Kev, **** off! I`m stuck in Westgate working",0
Feels like im going to cough up a lung,0
so instead of laying out in this 90 degrees i`ve gotta give 32 fourth graders miso/rice/sushi/mochi in an hour  fml,0
Wonders why its so hard for me to concentrate...,0
 LMAO! I don`t fake being Paris anymore. Look at my bio ;) and by the way I can`t log onto your forum...,0
is MySpace mobile free? or do u have 2 have credit... cause they are liers,0
****! tying run is on 2nd!  let`s hold em` Raiders!,0
And I just saw something real sad on my lunch... A dog with two broken back legs.,0
"gonna have to eat something, I feel so horrid.  I need a hug!",0
 never invite,0
http://twitpic.com/66xlm -  hate when my PARKED car gets hit,0
Now I feel sick.,0
 ummm.. sure! i miss ya`ll alot too.  i think you know who i meant.,0
Delayed flight  San Diego to Las Vegas. Why do delayed flights feel sooooo **** depressing!,0
"TWITTER WILL NOT UPLOAD MY ICON PICTURE  it hates me. Eff this, i`ll upload it later",0
"i feel extra-nauseous all of a sudden, like my stomach wasn`t ready to resume peristalsis after the events of two nights prior",0
" ok cause the one  S orange is still open. Whew, you just scared me. Sorry the one by you closed",0
I am finally plugged in to listen to Flashpoints on http//:www.kpfa.org shoutout  and have missed the segment about Chevron,0
"Writing and researching. Tired of being foolish, so I`m educating myself & moving forward. Gonna marry a white boy they do you right!!!",0
"going to work at one sucks, I miss happy hour at sonic",0
My dad`s not feeling well. I want to make him soup. Suggestions guys? + get well soon ayah,0
I cut my thumb on a broken coffee pot.,0
god opened the clouds and said i hate you josh,0
 Twitter`s being mean w/ the pics lately! Stole mine for an entire day!,0
As predicted i feel lyk ****  gahh i hate bein ill!! At wrk tweet lata ****,0
 well atm anyway i`m only managing cos i have no musical talent ps horrible thing to say bout rove,0
#bgt Can`t watch anymore,0
@_Esme_Cullen_  I`m taking a million songs from your blip.fm station thing. Sorry,0
why am i so tired?,0
 apparently so!  I`m falling apart in front of my eyes,0
 Ahh dang of course it had to do that  She better e-mail you back fast!,0
Anyone want to stop by Carl`s Jr and bring me a chicken club?  Can barely walk...,0
Sad that when fitness center reopens will not have our Zumba class anymore.  Just found out today on our last class before closure.,0
 I fee your pain its lady Ga Ga and It will drive you insane oh dear God her songs are in my head,0
"Oh, I forgot. They weighed me at the Dr. I am at my highest weight ever.",0
OPS sorry  Queen Mom,0
"Finally watched the rest of The Guild Season 2. I always feel so sorry (and hopeful at the same time) for your char, ",0
" oh no, sorry to hear abt Firefox crashing on you.",0
" i`m sorry! lol i have never had, like, actual time to spend there unfortunately. everything`s always been INSANE when i go",0
 haha  I need to get in better shape first.. I have cageball on thursdays == me dead on sofa the whole evening,0
I lost a follower  oh well probably one of those mute ones anyway.,0
Eh they shut the freeway down! omw to a job interview so i guess i`m gonna be late,0
 its so sad how dead it is.,0
I dont like the dentist...they make my gums hurt,0
If someone in the family died you would of heard about it. Duhhhhhh. . .,0
There are bugs attacking my laptop,0
 When oh when are you coming back for a gig in Scotland? I had tickets to see u last year but was in hosp wit gallstones!,0
" noooooooo  i miss you sooooooo much, gaah",0
 i been saying that the past 2 weeks that i miss playing spades and drinkin chillin.. the good old days.. let me know baby,0
 so sad u cancelled silverstone show  better see u in sandown park!,0
**** it. Totally gutted I decided not to go out tonight. Roni Size is DJing,0
Sometimes i feel pathetic going to bed so early. Oh well.  i TOTALLY get clam chowder tomorrow! =D,0
no more arrested development. i am sad.,0
Is anyone else having a bad Friday? Is not a fun day today.,0
  you may have to email the tech support ppl. that`s odd.,0
my attempt to sync facebook and twitter seems to have failed,0
"My leg broke, now I am waiting untile i can go again",0
Oops spent too much already lol 50 quid gone,0
" i miss that place, but miss wegmans even more. whole foods != wegmans",0
"Omg, my mom just called... Im too late... Hes gone",0
"_Beez - I`m 20% hetero-challenged, but still didn`t care for 'Milk'... I thought it was boring.",0
Never made it to the gym so will be doing my blowout sans thong wearing company. Phew! But bummer on missing workout,0
 I want to go back to school too *sigh* - but I am too poor,0
: I`ve got a fairly flat route available... the problem is I no longer have a fully functional bike to ride,0
_Anais I feel reeeally bad now.... sorry,0
"  Oh no matey, did you get ill?  It would be a bit mean of Suzi to be calling you chicken scabs if you`re not!",0
"Lunch is boringgg  driving after school today, ugh hope i do better with mr. Dodd",0
#BGT  ooooh tooo weird for me,0
Cannot sleep. 2+ hours of tossing and turning.,0
has to do two 50 page assignments this weekend  there goes any chance of relaxation!!,0
ohh **** i just realized she still not talking to me  it b like dat some times..,0
Hate be late,0
 it`s not working here,0
Missing how it used to be,0
''have you the e-mail from Miley ???? I want to write with her but I cant,0
 lol y??? .. trashed the kitchen ?,0
"  so sorry, I just found the members preview has been sold out for awhile. It opens at Noon to the general public",0
 thats a bad start to the day!,0
 Bro. Martin!! I need you to repent!! Pam said we were going to get to meet you last wknd...,0
People are just pisssing me offf. Ugh,0
So screwed for sat 2 us,0
Gardening stuff I ordered got returned to sender because it was damage  need to work out how to get to a garden centre.,0
had a horrible sleep + in a rather bad mood,0
"Wow, mosquitoes in the backyard suck.  So does coughing myself half to death in the middle of the night and keeping Cassidy awake too.",0
why are plane tickets so expensive,0
Placed a $2 bet on a sure thing and lost.  no more betting for me!,0
my party is wiped out they be all dead and stuff,0
" I have heard that about a lot of programs like that, we go to a large chain of learning centers, sorry for you!",0
"Sometimes, twitter makes me feel like an outsider..",0
" yeah, that was my point >.< please dont make me feel worse than i do",0
i dont wanna miss the laker game tonight! i`m so sad,0
@_handz_ well you know those 'kind of guys' are just idiots,0
 nope im nott! i was planning on doing but my aunties come over from america and we`re havin this big family meal so i cant  ****,0
 yup slowly recovering. it sucks that i can`t eat the stuff i`m craving right now. my gums can`t take it. how was your trip?,0
"  Still dealing with quite a bit of pain, will jump off here soon to lay down,very frustrating  Thanks 4 asking",0
This heartburn may be the death of me.,0
"michael scofiled Noooooo !!  I hate the writer, director n production",0
Home Sweet Home by Carrie Underwood makes me sadd,0
 i want to experience snow  we don`t have snow here and it sucks,0
Feet hurt...finally in bed...will not forget this crunch when it`s over...very very productive day today though,0
"Still no pic, very sad",0
My truss failing  http://yfrog.com/154upj,0
 yeah doesn`t that suck!  I am working with a Nano here so i had to take 75% of my music off!  so sad,0
Lots of noisy peeps outside,0
I would Join you shopping but i have work all weekend  six degrees of seperation is confsuing,0
I am so sorry i fell asleep first,0
 Is a **** but she`ll never know I said it cuz she doesn`t love her twitter,0
 I`m not comfortable with this announcement.,0
 that sucks.   did you save any of it?,0
  WHAT ABOUT ME ??  I VOTE EVERY DAY FOR YOU !!!!!,0
"I had a realization today, and it made me sad  But at least the healing can begin.",0
Decided I should study  (finger down throat making gaging noises) Hate MFs!!,0
Losing makeup bags is TRAGIC...luckily I keep 4 in diff places but I gotta replace my Bare Escentuals  *tearrrrrrrr*,0
 ****,0
"bored, nothing to do",0
 They`re for my mama  I always bake late and get worried that the mixer is gonna bother people.,0
I think my wireless router is dieing,0
"what the hell am i doing awake this early,",0
Ill in bed my stomach is killing me,0
 i`m about to have to hang up   my fone is getting to hot,0
okie gonna tweet more because i am loosing you guys or girls,0
Fuuuuuuuudgeee I burned my finger with oil! It hurts,0
" I know! I can`t go either...it`s sad  She needs to come back to MI asap, haha",0
"****, I cut my finger!",0
 http://twitpic.com/665n7 - I dont like it,0
 I think it`s less of a tribute and more of a parody.,0
at last i wr0te again....got bored the previous dayss....,0
 ugh but they are so unattractive! u might as well drink from a regular glass. i really dont like them,0
Cried my eyes out watching My Girl last period   hahah,0
thinks that the limit of 140 letters is really not fair. 300 + would be better,0
Manchester was wayyyyy to busy!  so warm today also! :`(,0
" the movie Tym... So sad, I was crying non-stop.",0
Going to miss my roomie ... We will no longer be roomies starting tomorrow,0
Neil just picked me up for the show. My tailights out  cause of heartless hit and run.,0
i miss my boo  on another note im soready for this game to come on tonight...fox grill anyone???!!,0
"Augh, fever`s gone up again. If I end up missing the WeHo clubbing tomorrow night, I am going to be pissed. Stupid boytoy gave me plague.",0
My ipod has taken it`s last breath... Im truly devastated. I have lost my public transportation companion,0
Why am I so tired?????? Whyyyyy make it stop. Merm is not going to be fun tonight.,0
I WISH I LITERALLY COULD **** JUST ABOUT EVERY **** IN THE WORLD...IMA NYMPH,0
 **** that is awful... could not believe it at first... so sad,0
sorry dunners just saw your tweet! totally let you down im so sorry babe  was at work till 8.30 very boooooo,0
"  it`s an app to finally face the truth: you lack time, and never be able to achieve all your goals in life?",0
I wanna longboard but it`s raining ughhhhhh,0
Whats is up with me! I am spilling everything,0
 Miss you!!,0
broken my leg  comment me please,0
Archie Proposes Veronica in the Latest Archie`s Comic. The Longest known Love Triangle is coming to an End. Poor Betty.,0
 hahah im way too lazy to check my phone  ooo michells! are you wtaching the recruits?,0
"Was outside playing ball with dogs, now all hot and sweaty",0
missing mrs mcfox,0
 resistance was futile! Needed pretties to knit with,0
8:30PM... it has just hit me i have school tomorrow :O ahaha! I`ll stay on til 9 i think  ****,0
whenever it rains it`s so hard to get motivated,0
Eli in the ER  they pricked his finger for blood sugar and he was trying not to cry http://twitpic.com/67z2q,0
 u witch! im upstate in a **** hick dry county. so no alcohol or ethnic food.  im crying.,0
Working.  I can`t wait till 4:30. Funeral on monday.,0
"actually, i think i`m being mean to her....i feel sorry now",0
 sayid could be dead.,0
 that sucks!,0
 I CAN`T!!! My heart aches for her children  I wanna adopt alexis,0
" I don`t think I am, my sisters refusn to get me a ticket now.  what you doing next week?",0
"My mom has annoyed the living **** outta me, so now we`re on AOL Radio, looking for Brooks & Dunn.",0
 yep  which sucks because i thought somewhere it said it was..,0
"trying to do a blend. i know, i suck at them but there`s no harm in trying.",0
Can`t sleep...so I`m watching HGTV. I`m afraid infomercials are about to take over,0
everything is going wrong in my ' happy day',0
Well. That first tweet for today failed.  lol. Back to sleep or bacon and eggs? So hard to choose!!,0
"Spyed Princess Anne today, and listented to all my friends cooking up the perfect evening, Working sucks for me and OB ?",0
"Not making good time, **** Chicago traffic  - Photo: http://bkite.com/07XOi",0
"I feel bad over everything..  How can I be so stupid? Why was I so harsh? Its my fault, I know it. I`m sorry SaVvy, love you guys<3",0
 Major Fail. Since you asked,0
" i know, and we gotta wait until earl 2010, i think or very late 2009! its just wrong",0
Stu is actually SEVERLY sunburnt....it hurts!!!,0
 they really do. it is a crying shame.,0
 aw poor u   DON`T let her get 2 u just ignore her n keep ur head held high she iz just immature lil girl lol,0
 I am in the `real world` which apparently involves a lot less twitter....  sorry!,0
people with mustaches get super powers and mustaches. no fair.,0
 piyaaa! hi. :] im hyper & im bored & im online & im going to find pictures for the noteboook.  still cant send messages. grr.,0
 i sorry sweetpea... almost over with!,0
argggggg car crash tv its just sooooooooo horrible to see her like that  #bgt,0
Stupid MSN It wont let me onnnn,0
So cold in here!  getting the chill,0
Nnnnoooooo!!!! Just learned we`ve got a frost warning for tonight!,0
Sorry was that mean,0
This porridge tastes ****! I cba with today man.,0
 No kidding there! Ugh ... One thing I know for sure - it won`t be me showing the property this weekend,0
I am sad that my kids were ungrateful today,0
Didn`t sleep good last night. Woke up with another bellyache  what`s wrong with meeeeeee.,0
 Too bad.,0
just woke up...dont want to go into work at 4,0
lousy **** landlord.   need to focus on kid`s packing but cant . nevermind sew sleeping bag,0
2 days after #all4web ...i`m still tired,0
We`re going to panahra for dinner.  miss you guys.,0
Stuck in awful traffic in the way to the wedding. Ceremony is supposed to start now. Ughhh.,0
my eyes hurts..,0
How sad is it that your best friend is so selfish and heartless that they exclude you from their life completely...I`m so sad,0
 very familiar.....sorry you`re feeling that way,0
stuck in stupid Jeuno with flag up.  Wish I was in Windy fishing,0
 tell your friends to tie you to the railing. I expect a tweet tomorrow about headaches and feeling tired,0
man i **** up that test  playing cod now . 31 days till the summer !,0
"so bored, i have a headache.",0
I`m exhausted  new song 'one day' on myspace check out http://www.myspace.com/tannajoy,0
Tried to do an Audioboo recording but it` distorted due to the high volume  #OBS,0
 yea yea  im about to torture myself by doing a stanky leg marathon..ima do the dance for hrs til I can`t no mo,0
Oooh the hangover,0
Just saw a trailer for Batman Arkham Asylum and you can play as the Joker. But that`s only PS3 exclusive. ****  That hurt.,0
kinda has a headache...,0
 ahhh.. what about the others? like #hoppusday and etc? I`m such a spazz,0
"I think my bicycle and I just freaked out a custodian, who wouldn`t have let me in the building if I didn`t let myself in with a key",0
Hanging out at the San Fran airport. Got a few hour wait until I go anywhere...BTW SFO`s $7 wifi is garbage.,0
" Been there, done that!!  Ew!!",0
Exams are so stressful,0
i used to have an ozzy osbourne pillow. my mom threw it out. i miss that thing.,0
" If I can run by then, I will join you...miss running",0
"Shooould be sleeping already, but got caught up watching some late night `Roseanne`. Officially off to bed after the next episode!",0
   We`re idiots.  Ok mostly I was skint but hell I could`ve done something......,0
 Dang me too! It`s only a 4 hour drive! Too bad it`s my daughters 1st bday party  it`s hosted by Donnie,0
Life can get soo Dull sometimes what do you do when u have no 1 around  x,0
why the hell is it raining!! i hate the rain.,0
"The one day I do my hair, weather sucks  where is the sun?",0
"I don`t want to lose my wisdom teeth, they make me wise. I will soon be without a trace of wisdom",0
 why go winchester when my sister doesnt go there any more!   bad times.. x,0
not in the mood crazii crazii highly upset now with everything & everybody,0
" still no class loaders, or even custom assembly loaders",0
" Uhhh.. not yet, maybe my DM inbox is just slow. I`ll let you know when it shows",0
"You know for a short week, it certainly dragged",0
Having one of my bad days....Migraine today. My 1st since my neck surgery about 2 1/2 months,0
_Gates am also gutted...the end is nigh  x,0
 i have bad news... i have to go take the dog for a walk--they`re upset w/me!,0
trying to watch lost online very annoying and slow...the internet not lost,0
there is absolutely nothing to eat in my house... epic fail,0
Gah! Buddy K is a must hang with person right now I miss him.  Along with Parker and McPhee.,0
" Hey, sorry I didn`t get in touch sooner! We didn`t go by Bologna. It was out of our way",0
" haha, sorry, it`s past my bedtime",0
blahh i`m tired and i gotta go to the airport to pick my mom up! && im bored but on the upside im listening to the backstreet boys,0
I wanna go to the extra show really bad,0
sitting around doing **** all....tired,0
_and_jay hi!  **** your job!,0
NO! Our TV`s busted  The screen turned white for about a nanosecond while it made a quick 'popping' sound.,0
95 degrees and a crappy a/c,0
 WHAT THAT`S NOT FAIR I CAN`T VOTE IT SAYS THE VOTING IS CLOSED  BUT I DID VOTE EVERYDAY WHEN I COULD VOTE LIKE 20X`S,0
 like cheesecake brownies!!! i miss my cheesecake brownies... and the walmart closest to l.a. (to me) doesn`t have em,0
doesnt understand twitter,0
woke up from bad dream.  grrrr,0
Four hour baseball game. At least the Crew spent much of it making the Cubbies look bad.,0
gonna have a lazy day today,0
 yeeeeeessss I can`t wait! Too bad I can`t drink,0
 I`m watching it at the moment  -sighs- and straightening my hair which takes hours as my hair is so curly!!,0
 u really dont right now! i am as sick as a newt in a freezer! its aweful  x,0
" I`m feeling much less alone now in my love for Fitzcarraldo, most people I mention it to have no idea what I am talking about.",0
Woke up from aspirating some stomach acid. I`m praying that I dont acid reflux  and that it was a one time thing,0
 LOL I feel like drunk right now...,0
driving past Tattered Cover w/o stopping  promising myself to make time next week.,0
Was supposeddd to hang out with al but her mommy wont let her  now what to dooo? Blah. Hahaha,0
Havnt gotten any in months  my ex seems into dating but there isn`t that spark anymore  still in love with loser who left me,0
I just spent 2 hours looking for a blog topic and ended up inventing my own.  grrrr    http://bit.ly/QRz6y,0
I think I tricked out my ankle during cardio yesterday.  I`m getting old.,0
"Wishing I could go with  to SoCo to go climb, instead I`m stuck at work all weekend",0
is sad she got her plans cancled,0
#Supernatural at 9:30pm on #Ten.. Counting down..,0
"  Ugh, you people and your fancy trips to Italy while I`m slaving away at this computer.",0
bad day,0
 I even saw the news feeds of the archie website. But can`t believe he`d choose veronica. I`m disappointed,0
My new landlord just called.. I cant move in until tomorrow morning  Way to rain on my parade..,0
Ugh i can`t sleep and it`s reallyy gettin to me gahif pisses me off so bad sometimes. Atleast i know who my friends are,0
rah rah. youtube isn`t working again. oh great,0
is hating the weather. UGH.,0
"I don`t think I`ve ever been so tierd in my life.Ugh,goodnight.So sleeping in tomorrow",0
"Over-thought tying my shoe, couldn`t figure it out for a while",0
 I know  It **** sucks. anyway you can get a fake id or something?,0
i lost my phone.,0
" *reads phone book* Hugh Clancy, Hugh Claments...Nope, no Hugh Clap.  Poor Holly, though she`ll grab pity votes like a shark.",0
"Cant believe Venus lost. A real shame. Smh. I think im getting sick  Had such a **** week, doesnt look like the wknd is gona be better!",0
 well what about tomorrow? I miss you,0
"Sigh. My metal friends keep planning stuff on Sunday afternoons, when I`m at work. Feeling like I`m losing touch with them",0
 I miss you too!!,0
Daaaaang. Up: in 3D.. Sold out,0
****. I have lost the game more times today than any other day in history.  #lostthegame (Blame  ),0
 oh but that girl  but AIDAN!,0
Going crazy  super head ach from hell and my the in laws have ben here since 9 this morning. ahhhh,0
Jamies Free Views Dead,0
I am so bored.  My homework is done for my master`s program and It`s Friday nite wit nutin to do.,0
is traumatized and saddened by the 2 baby squirells she just found on abandoned on the sidewalk.,0
Now every Saturday till 8/4 for work.  sucks. And no Friday or Monday off for July 4th either.,0
" I`m suffering from the Internet that works bad, only sites hosted on russian servers are available for me",0
gonna do laundry....never did laundry @ a hotel before.....I miss you R.....even though you ignore me and don even check on me....,0
_Foster Still not working,0
_nk Wouldn`t call that cool or dangerous. Reckon it fits into the stupid category,0
Revision continues. Getting so bored and tired. I can`t wait to get out and do interesting things. Only a week and half left though,0
Man waking up sucks when u have to go to work like 30 min later,0
 Aww I feel bad for the lil ****. He look like he know what`s coming,0
" haha.. yes, i`m jealous! i don`t have money to do all that!",0
getting dinner ready not much going on in my life it seems,0
_babsi there`s a manual process... but it`s taking 4ever on my outlook database... pffff. crappy msft product,0
**** you is all i have to say,0
 because I couldn`t get the money to mikey in time.  trust me. It makes me sad too.,0
 Don`t count on it,0
im feeling like ish!  i just wanna go home and go mimis,0
Is home from MARCO ISLAND and missing it and my girls already...back to work!,0
Scared  waiting for the call,0
  We can`t even call you from belgium  sucks,0
 yearling in pet home died... very sad for their whole family,0
Somehow I have yet to accomplish a **** thing.,0
LA unified summer schools drastically cut due to CA budget  cuts. Very sad,0
Oh how today sucks....,0
"Its 4.30am, sleep timeee. I wanted to watch Gossip Girl but i`m way too tired  Goodnight!",0
 why do you say that i`m a ****? i find that hurtful!,0
 No. Not professional at all.,0
' ...not academically of course. ' I miss him already,0
 i miss you!!  stupid work!,0
Going to buffalo wild wings to meet up with my best friends I haven`t seen in forever! Too bad I can`t eat the food,0
Now I want ice cream but it`s so expensive.,0
 So sorry I missed it!,0
"I`m always a little sad to see followers I really like, decide to unfollow me.",0
When are  gonna release another album already?!? I miss them,0
" ahahaha, that happens to me all the time.  poor Angela!",0
"1 week post my'horrible, traumatic jumping cholla accident.'-cholla`s next dirty trick:pieces are starting to emerge from my hand! Ouch!",0
"Wearing exactly the same clothes as I used to wear in Canada, beanie (or touque) and all.  Ahh brings back memories... I miss the snow",0
ive very picky about what i put in my mouth. i hate onions. they make me cry  ),0
boo for all the season finales..,0
Omg i just seen the sun and the moon in the same place  this disproves my theory that they are the same person,0
Pug just woke me from an incredible sleep!,0
looks like another sober weekend ahead...,0
I`m missing one of my diamond earrings. This makes me sad.,0
Ok.....Twitter is not near as exciting as I thought it would be!,0
 i wish i could meet you once  do u think this will happen someday? :`(,0
"Finally, im back online! I miss my lappy. So many things to follow up. Starting with Ning... Haha.",0
_y_Tony and didn`t bring me any????  You suck,0
Just finished watching the series return of the Chasers War on Everything - really quite **** compared to how it used to be,0
Getting ready for my graduation party ........(id much rather be at Hello Marquee or Dane Cook),0
 why are you sad?,0
sitting at home...need to be pricing the garage sale items...but i have no help so its boring by myself,0
is very disappointed that cadbury chocolate blocks got smaller,0
Yay for having a giant headache  stupid glasses.,0
"is excited to be visited by her twin and best friend! dinner, star gazing, and a movie!   // cool http://gykd.net",1
 It`s fun to see that glimpse of your life,1
"Wow, it`s so early. Just had the best conversation.",1
"am chillaxin after a busy BankHoliday, Hope everbody had a gd wkend! Holiday in 12 days!!!  ****",1
" Yeah, mine said 'That`s a nice picture' & gave me the red x!  Hope you get it working soon!",1
Missing my mother... t-11 days! HAPPY MOTHER`S DAY!!,1
 swimming and tanning was heaven! i blasted music while tanning and was in my own world.,1
Check out my song 'time to lose it' on www.myspace.com/flownyce you`ll enjoy it I promise,1
 at least after this you`ll be done!!,1
Happy Mother`s Day to all my twitter moms (including myself),1
Tiesto in Vicky Park - how excellent,1
 Nice...I`d like to be there...but it`s too far...  I`m from Brazil... kisses and have a nice day!!!,1
 I`d like to put your fruity article on my website if you`ll permit,1
 Thanks G! My actual birthday is on Tuesday and I will be 24.,1
 Not a prob hun,1
Gudluck to   !!,1
Can you believe it:Tomorrow Night will be Jay Leno`s last episode of the Tonight Show  I encourage everyone to watch it and welcome Conan.,1
I like taking my dogs with me in the car when I run errands. They are always excited to go anywhere. like this morning to Krogers.,1
"nope, san leandro marina.    how are you?  hope you`re well!",1
 Stress-free is the way to be,1
 well i just got home and its not on till tmw at 530p but with comcast its on right now  but i didnt miss it,1
 hehe i will never thorw out these shoes  i`m listening to varsity fanclub surprise surprise  sway sway baby is awesome,1
 I thought it was pretty good! I`m not a die hard Trekkie either.,1
 Cavs has the easier route than Denver.,1
  He`s awesome... Have you worked with him before? He`s a good friend.,1
"Richelle Mead - Succubus Blues-fabulous read! very entertaining, lots of fun and interesting too!! next please..",1
Im so full. Subway was bomb! Waiting for my 2nd shift to start,1
" Yes, I liked it very very much  It wasn`t even cheesy!",1
 glad you could make it,1
 Hope you feel better soon and check out my cool backround on my profile,1
Chilling with my baybee sarah!  i love this girl,1
"Oh, and now Mondays also mean new American Dad!  So glad I watched that show, so funny, and it makes Mondays even better",1
" Girl, you`re crazy... I LOVE! you.  Hahaha, and I GOT! yo` Lp Chap.",1
 lol! I thought it was pretty funny too!,1
 Thanks for the interview mama!  Enjoy your night,1
 You better believe it!   and I wouldn`t miss it for the world!,1
there`s not many things better than sleeping with my windows open,1
_ good morning - you`re up early! Feeling enthused to design your life?  thanks to manics for that phrase,1
is stoked for spring! Amazing wild foods! Nature is abundant~bless up!!!,1
Goooosh! Someone payed my LastFM subscription  ^^,1
"Oh, and yippee for Lyn-Z Way who gets to celebrate Mother`s Day for the first time as a mother.",1
 how fun!  where is the twitpic! I had purple hair once...,1
is loving life,1
Happy Mother`s Day to all the mothers out there! Do have a good and enjoyable day,1
"Got my tattoo fixed today, and it didn`t hurt to much, thank god  Can`t wait to get the next one. $$$.",1
"Goodmorning twitter, oh my gosh, i woke up soooo nice, lol ... oh hai thar twitterverse. Happy #mothersday everybody  (especially mine)",1
 So romantic!!!!I hope you both have an amazing time...and paparazzi don`t follow you!!You need more privacy with Doug  xoxo,1
 ekkk..thats ruff..hope you have a safe flight and good meeting,1
"So from this moment foward, imma have to spend my money wisely. No dress and shoe shopping every week. No more pigging out @ my fav rest.",1
"And here goes my first Twitter from #TwitterBerry Application from my #BlackBerry Bold 9000..  Cheers, long live.. #SMR",1
"@_chloe yes! it`s on youtube  its from may 7th, and it made me feel 100x better. it`s halarious.",1
"'I`ll see you again yeah?' 'Its up to you' 'I guarantee you will, i dont want to wait to long not seeing you' **** fruit basket! Hahaha",1
 Today was fun  <333,1
Always thinking about to look for a good place to appericiate everyone who supports me on every site I joined,1
finished my capital transactions exam . . . as another monkey climbs down my back. looking forward to being in a glorious mood tomorrow.,1
*yaaaawwwwnnnn* thx to bank holiday... let`s see what today has prepared for us...,1
Happy Mother`s Day Mommies,1
Happy Mothers Day,1
mhmm idk i thought of just showing up and freaking ppl out hehe...but yeah i TOTALLY understand if it is just for u guys  VN sounds cool!!,1
 I think I left my conference feedback sheet in my bag. Oops. Just say Excellent for everything  Found out about it from you,1
Ha ha ha  I know! Love it! Love him!,1
 the following week would be better - I`ll be gone next week,1
"get down tonight: http://bit.ly/QxXhi  the bridesmaids, moms, bride & I rockin` the reception",1
"'Hi Im Jonathan from Spotify, 4 just 9.99 a month u cn have unlimited music w/ no interuptions' But I luv r little chats J, dont leave me",1
"Morning, up early to travel to today`s game but reli happy my bro is coming to watch me  x",1
 I`ve thought about it several times . got a few good friends there!,1
happy mommys day!,1
_marie1 hey beautiful whats up?,1
Thanks to my assignment im off to work today!,1
 i looooove me some star trek. runs in the family,1
 lol thanks!,1
" I`m 3 days late, but happy birthday  Hahahaha",1
 THANK YYYYYYYYYOOOOOOOOOOUUUUU!,1
"_hall no  i was gutted when he wasn`t. lmao. i think i`m obsessed with him, bahaha.",1
"so star trek pretty much rocked my life ... oh wait, it DID rock my life",1
ooooh.... I have a headache.  Got to go to work now,1
Blue Oyster Cult - I Love The Night *that`s when all my friends are around*  ? http://blip.fm/~5jd4b,1
Is having awesome fruits and vegetable juice at the opening of Lam`s noodles at 8  http://tinyurl.com/r65c68,1
Happy Mother`s Day Mama bear,1
" and yep, you`ve converted me to Blip.  Been great to hear a lot of others suggestions - some pretty great stuff!",1
 nice .. I can`t ever get that from my ex!,1
About to Enjoy the Silence,1
Finally able to get Flight Control for my Ipod. Best game app! 123  **** choppers lol,1
 Ciara was great at SNL..Kim...you were mentioned on SNL tonight..Justin T was really good also,1
I wanna say happy mother`s day to all the mom`s including mine love u mama,1
good morning tweeties! what to do today? I am all rested up from Richmond and ready to hit the beach!,1
"just came back from seeing the boat that rocked, it was an amazingly cool movie, definitely getting it on DVD once its out",1
 I might give it another go.,1
" Ha, fun! I think Iï¿½ll rewatch (parts of) season 5 today...in preparation for 2morrow night!",1
Bon Voyage birthday Brother @ Mccarran! cyah again vegas in july. havent slept yet & class @ 1  .. such a fun weekend,1
 Aww ya not showing off all us mums should be proud of ours kids and let everyone know it,1
just came bak from dancing with my NEEWWWW cd  haha im dancing again,1
i`ve got nothing witty to tweet,1
goodnight to all.,1
 thx 4 following  r y a band? What kind of genre that y play? Nice to meet all of y,1
 You`re welcome!,1
TODAY WAS SOO FUN!!  happy bday chrissy <3,1
Going to workout + swin... fun,1
 Awesome! Wish I could fly out to see her,1
 Lol at the VATS on The Insiders,1
 thanks.... just awesome,1
" Thanks! I have a Teflon liver (Being Scottish, I was raised on whisky)",1
 I really ought to pay more attention to my phone tweets... Sure! The more moives the better.,1
"   Does she like it, or does she roll her eyes?  Now I`m curious as hell!  Good singing is a real treat as far am I`m concerned!",1
Gorgeous day! Off to Hash around Waterley Bottom - wonderful name for a village! Quiz Mistressing at the Porto this evening,1
 No. That would be too easy. All I have is the user manual which is not enough for me to claim his bike,1
but i did have a really nice smoothy at baulko shops,1
" Well, all I can do, is pray for you.....",1
 would like to swap...i`m sitting with 3 grumpies,1
#snl...you`ve gotten better  keep it up,1
 lol well thank you,1
 http://tinyurl.com/c33ffv thats what im making for dinner very yummy,1
Nailing some webconcepting *in the zone*. I should be awarded..,1
 Our weekend was also great... two friends of Julia were here for four days...,1
feeling nice... got a big **** smile on my face for no reason   take my **** to sleep right? lol,1
  really? ur a brave lady walkin around those lions then.  any other book suggestions?,1
wish i was 17 again,1
thinks tonight couldn`t have gone more perfect.,1
 Ooh really?!! Well you know you`re always welcome!!,1
" wow, I see a Mr.B obsession in you!!",1
Came back from Bishopstorford! Went to my Aunt`s wedding party by the way. It was fun! I got to see my cousins again after about 3 years,1
Brad Fastings is my favorite person to hang out with from 12 AM to 5 AM,1
Thank god camera fixed itself. I want a new ipod,1
Greg back in the top 10. This is why I love Nascar.,1
 Really? Bahaha. I love that you relate people to that. haha.,1
"Noticed Wellwood has all his teeth in tonight, that`s nice",1
"i`m in the garden. Making pictures, weed an sweep. The weather is nice!! See you l8ter people!",1
" Thanks, it`s just too good for TV, simple as that.  #dollhouse",1
"krys: running, mud baths and nice French food in napa w/ jimming",1
  Hope you have a better weekend then..,1
 ooo and good luck for dundee tonight i can`t be there cos i have a ton of uni work,1
_KittyKat hello new follower  haha!! how are ya?,1
thinking about new.. oh yes .. btw bankroll stays at $14.88.. so down a bit from yesterday.. and I won`t whine about bad beats  ..,1
"party was awesome. soooo tired, bye. ps: happy momma`s day",1
" Lol. Thanks, Penny. I`m trying to believe you.",1
 I second that. I wish it rained more where I am,1
 pffftt! You know how I like to stay busy!  I`m Awesome (and sober...dang)! How are you??,1
Loving my new HR monitor,1
@_supernatural_ http://twitpic.com/66l83 - i liked old ruby best.,1
 Awww!  I was thinking about you lot up there!  Glad you enjoyed it.,1
" Awhhh age doesn`t matter, you awesome lady you!",1
I would appreciate it if you would. I am a big Tim Kaul fan ya know,1
" he was soooo great!!! loved him! He was so good live, haha it poured on us though... makes it that much better!",1
"Ok, I`m going outside...wish i was playing basketball  oh well...",1
 heyy its ur bday?!!happy birthday!,1
" Of course. I`d send it to you, but I don`t think it would survive the trip.",1
 all good! Take a rest,1
" haha we just say two weeks, but please do continue with the BrE it`s great",1
 (((HUGS))) back to you - you also have that look!,1
hi  thanks for the follow  good luck with your friend? ha,1
"tried oprahs free unfried kfc and loved it  i went back for another try and topped it with boba and wolverine.Chilled with pope,dave,ben",1
is so  just made a card 4 my mom!!   can`t wait to see the smile on her face when she see`s it!!,1
Writing Mother`s Day cards for my mom and gran...  hurray!,1
 Nice action shot: http://bit.ly/m8zfx  I miss working a pole.   __ dont you see clients everyday?  lol,1
  ok Cristal we gonna tweet talk again when its not so late...just follow sweetie....tweethug 4 ya,1
i basically want the world to kno that i have the BEST best friend    love her <3,1
this week has been fun...i hope next week will be even better  NYC in 19 days,1
I wish I had a dog,1
Wishing  a Happy Mothers Day,1
" by the way, just saw u on ellen yesterday. here it`s late comparing to usa. u were awesome!!!",1
 no I like be able to say it and it be the truth. Instead of some magical mystery tour I get led on.,1
wow i`m soo hungover,1
 - SO.... yeah. I VERY much appreciate that.,1
 Great... I`ll check it when I get off work...  They block Sims at work...,1
please?,1
"alright, back from my twitter decompression  Happy monday folks, what`s the good word?",1
'dream of a better world because it`s coming' -someone could live off of those words dude,1
_Trainr Thanks for the link.  It made me smile,1
baby alex i miss you  ily<3 good night</3,1
 Munderday. I like that.,1
  Happy Mother`s Day to both of yall.  from me and my boys...,1
 i have a song suggestion. anything from the veronicas first album - the secret life of...  that would be a good choice,1
First Day at the new job! Yeah!,1
_rothlisberger That`s **** awesome!  *bookmark*,1
 This was funny! I have 7.,1
 we keep getting pet days  but i heard the weekend is to be fab !!! wedding how soon again ?,1
"Flat is sparkling clean, now that`s team work  on way to pick up food for 6!",1
i seriously neeed to study,1
 Hi Ok i hope its head comes out of the clouds for you> i love Meadowbank shopping center,1
"simple greetings from unexpected people can actually lighten our mood, doesn`**** ever happen to you?",1
" is my son - he gets my vote today coz he has grown into a loving, caring `soul-full` man - who loves his mum",1
 Happy Mother`s Day!  Hugs~,1
"  hey!, which song was that? I would like to listen to it",1
Back home  Had a great time!,1
Its funny how I want something even more... now that someone else has it and i cant anymore    hahaha NEXT!,1
I have found the best songd to have stuck in my head are relient k songs...I know every word and can finish them,1
"_d  I`m really happy for u n leigh  thnx for sharing this happiness with us, this means the world to us all!  love ya! Marta",1
 - Wtf Polyvore? what`s that?  enjoy it though.,1
Dakota just had a her first bath since being spayed... She was in Heaven!,1
has had a nice long nap  http://plurk.com/p/stvqp,1
 aww  cant wait to have you back in LA! <333,1
" thank you, your dedication as a lamb is unparalleled also, all true lambs dedication is unparalleled",1
Subway=yum!,1
_WOCKEEZ I wanna go! But I won`t be there  I`m sure that the show will be great!!,1
"  - Guess POTUS will be able to do more digging & folo up on the SS nomination. He`s in a good pos 2 do that,",1
Omg amazing twist! This is a crazy awesome movie,1
  haha aww hun i bet you are more creative than me,1
 i love you but i can`t call you cause i live in argentina  really really love you mitchel!,1
" i`m not sure what stracchino is, but it sounds good.",1
Yay my friend Glen is here. Now i`m like this,1
I have just been to see the Jonas Brothers 3D movie with   was funny NO ONE else was there  hahah can`t... http://tinyurl.com/magcwo,1
Bom dia! Good Morning! Guten Morgen! I am returning to Twitter!,1
" Hi Lisa, you have the most BEAUTIFUL pups! HAPPY MOTHERS DAY!2 Raven, Rio& Thors WONDERFUR mama!!  *kittykisses*",1
Also...     #travel #backpacking hope you enjoy our pics & videos,1
Happy Mother`s Day everyone.,1
Happy Star Wars day everyone! and Enjoy the holiday (UK),1
 hey arthur! i forgot to say thanks for the flag... it is proudly displayed on my bedroom door! you are a witty one,1
super excited,1
Is relaxing in bed for a while before I go to sleep. It was nice to get out of my house for a while tonight,1
 hopefully I`ll get to see HTB next week and LA really soon!! Can`t wait!!!,1
 Yes PM PM you are right,1
Got 5 new followers yesterday! Yay  Just need 11 more til 50,1
Twas a good show. I even liked Ciara`s last song.   Time for me to go to bed. G`night!,1
 HAHA all because of chocolate? Always knew your heart was in your stomach. Wait till you try the truffles,1
Can`t wait for the next twitter.,1
 have fun tonight,1
" Reminders are good! Speaking of which, we haven`t had a Posture Check in awhile.....",1
 Honored to tweet ya...,1
Well it almost was a good day... Guess I just retry tomorrow,1
I don`t know what my Mom gave me to clean my Macbook with but it is SO white now. It was tinted grayish blue from my black desk.,1
yum - mother`s day lunch at The Food Business in Burnside was delicious! such a gorgeous day,1
Got to go shopping with wife down to Tesco`s. I knew my day was going to well.,1
" Hey lady, will you be coming to Canada in the fall? I`d love to see you in concert some time! It`ll be my 1st time!",1
"Mahalo  great show!   aloha, thx for makin it out to Kauai, we enjoyed it!  Safe trip",1
"_shantz heyy shantell!  twitter is cool, thats why! and guess what!! i followed britney spears, and she followed me back!",1
"is at my grandma`s place with my mum, celebrating mothers` day in 3 generations. The 4th will come",1
just came back from karaoke & eating dinner with emily. it was sooooo much fun,1
" Say cheese for the camera, or throw up some Western Mass gang signs to be cool",1
"Rachel Allens date bars, so easy to make   http://twitpic.com/4jas7",1
"is sore from weight lifting  However, it`s the good kind of sore that gives you man-**** you can move with the power of your mind alone!",1
Ok I am going to sleep for real now good night twitter land,1
 Sounds Fun!,1
 I GOT UR BACK @ BABY!! much love to ya!,1
Awesome night ahead: BAD v Rat City! Most of my favorite skaters on one track  #fb,1
  Thx 4 sharing!,1
" _aston Welcome to Twitter! Let me know if you have any questions, would love to help.",1
going to watch boy in the striped pj`s hope i don`t cry,1
 That`s very funny.  Cute kids.,1
 you are very welcome,1
"_pickle lol, thank you very much Hope you`re having a great day!",1
 haha. It does have a nice ring to it (: Lets get used to that. ok! iloveyoutoo.,1
Britain`s got (good) Weather. I wish I had some of that over here.,1
"Ah, finally at home in my comfy bed. Goodnight",1
haha. i love you too aimeeeeeee!,1
i wish my blog was working properly - i have a great #followfriday blog post i wanted to showcase!,1
star trek was grtsat bggeting drunk now,1
_lopez I love you  kiss me!,1
Happy Mother`s day to MOMMY,1
ok shopping was far too fun ~ unpacking the bags now,1
" loving your music , had a good recommendation from someone who knows his stuff",1
Looking forward to the new week with the presentation of my book in a store in Dillingen today and some interesting sales seminars,1
" hi there, nice to meet you.  I am new to twitter and I guess you are too?",1
"_98 ****, that`s my favorite part...lol...ok, i`ll just keep in stock alot then",1
 FOR REAL!  Isn`**** exciting!!!!,1
 I love you Thomas.I will always respect and support your decision.and I`ll miss you  but you`re gonna do amazing things <3 you,1
 I def will. If anyone leaves the room for a second he has to follow. He`s a really great dog otherwise so far.,1
HAPPY MOTHERS DAY TO ALL THE MOMMYS EXSPECIALLY MINE  LOVE YOU MOMMY,1
Oh no! My kindergarten teacher died  Mrs. Collinson always remembered every student she ever had. Loved that lady.,1
Wishing it was naptime,1
"_10k much appreciated!  yeah, it sure is a challenge and a great reward. wouldn`t trade it for anything.",1
 haha i wish i could! I look like a little boy now,1
Hope my roommates having a good morning without TP and soap!,1
_lottie Not one of my favourite pastimes  This weekend is a long weekend here so Monday I`m off to an Ice Show w/ the G/daughter ;),1
  get well soon!,1
 Good Morning Rock Star Nurse,1
 don`t worry be happy Ryan,1
 I envy everyone on AOTS...,1
" i saw you on tues and last niiiighht <3 so amazzzing, didnt even notice you forgetting the wordddss",1
@_TWEE haha thanks to you that`s my new word for the week! ****,1
" cool, your too good to me you know",1
Going to bed. Talk to ya later!  goodnight birdies LOL,1
Chilling out....now the boys have gone  Time To Relax,1
 That`s me on a good day,1
 Itsurely will dear . in posted a presentation on Swine flu yest and it got 500 downloads in just a day!!i feels great,1
" curing le hangover from an epic night, bruised `n battered from a hectic go-karting session. pretty satisfied thank you very much",1
 Hope your son is okay!,1
"Woop, have just bought the Elliot Minor album on itunes. Its finally working for me!!",1
 it was a great wedding! the band was awesome (they played a ton of great 80`s songs) as was the food!,1
 hey thanks mate your cool coz you watched it...,1
" wow. have a safe trip back home  and we`re all begging you, please come back to bloomington as soon as you can!",1
_sydney is he on twitter?  I know  he is into photography. Runs also popular photography blog too.,1
: thanks!  and you being #80 just made my morning!,1
"Sometimes after a long weekend, you just need good conversation. thanks bro",1
" we did! They came out cold  The cheese sauce was good, though.",1
" tell zach & jer I said happy birthday!  they seem like cool brothers, youre lucky haha",1
Gonna celebrate Mothers Day with the family but gonna start the partying tonite,1
" Hope you get better. I know you will have the best medical attention. if not let me know, I will be right over",1
 HELLO friend!! Welcome to Twitter!!,1
 http://bit.ly/Msize  There you go dear  I love her Janelle,1
 http://twitpic.com/4jbba - ohhh someone likes to play with their food.... heehee,1
happy mothers day x & go the dockers,1
_Hammond Were on the way home from a night in London! Was lovely! Now working all weekend and Monday  when the weathers nice x,1
Just got up from a nap.. Relaxing for the night,1
" ROFLMFAO!!!! You love us better, don`t you!",1
" Ooh, cutting. I like you",1
 yaaaaaay i get to see you too   looking forward to cupcakes and fun.,1
"_mcc bye, Scotty!  i`m gonna miss you. ily<333",1
 You too sweetie,1
Inspite of the spams.. I can`t stop losing this twittergadget. I love twitting from Gmail,1
Aw! Tear! I feel special to da family.  Haha thanks girls i love yal,1
I`m one tough momma. Put together a swing set for Tammy allll by myself today!  My hubby would be so proud of me. :],1
"Good Night,  Happy Mother`s Day !!",1
" mmm thanks, if u get too stoned and eat it thats cool",1
" Awww, thanks Jon!  I appreciate that",1
Again.. check out http://www.myspace.com/therealfunkymonkey  ....these guys rock this one too  ? http://blip.fm/~5jkbc,1
"it`s a perfect day to throw back your head and kiss it all good bye - love it, so cheerful!!  ? http://blip.fm/~5jckp",1
finally over my sickness.,1
" I`ve never seen any of the X Men films but they are supposed to be good so I thought, why not?",1
"Alright! Party was a success! We all had fun, & now it`s over",1
Wow one of the nicest patients I`ve ever had! He`s being deplyod to falouga-Iraq n-week,1
 - that is awesome.,1
  I like it!,1
Good morning! It`s going to be a kick-butt day!,1
The nocturnal serendipity... Kashmir is an important means to that end...,1
 Yay good for both of you. Enjoy the break - you probably need it after such hectic weekend  Take care hun xxxx,1
 It`s going to be a fun night and I`m helping host it!!!,1
It`s raining that fine rain!!! U know the fine rain that wets you the most,1
what fun!  I got retweeted by a bot,1
Late news then it`s off for some much needed zzzzzzz.......Goodnight Tweets.,1
"finally gave twitter a try, will find out why is it sooo popular ... hope i wont be too hooked",1
" and the 'fuck  ' was because I dont get my gift!   I was SO exited about it, and it was sooo awesome...",1
 LOL.  **BLows Kiss** did u Catch it daddY ??.. neways im chillin hun and u i see u up early have u been a sleep,1
"Gorgeous day!  Worked the Master Gardener plant sale, trimmed smoke bushes, and now to do some writing.",1
 That`s a relief! I feel better knowing it`s hereditary.  Have fun!,1
unpacking my new toy arrived in the studio right now  it`s called TC Finalizer. can`t wait to check how it sounds !!!,1
happy mothers day to all the baby mommasss! rofl,1
 aww lovely pic,1
"Tomorrow is Mother`s Day! What did you get for your moms?! If you don`t have a gift, just tell her that you love her.",1
http://twitpic.com/67fcj - what i have to resort to wearing today cause i haven`t finished my laundry. lol.,1
: Lol it went okay! As far as I can tell . But then I had to do a test today for geo and I was all zoned out and got like 65%,1
_henrie  Can you do a shoutout to holland please ? You got a lot of fans here!,1
Is watching 'It takes Two'.... such a classic lol,1
 you guys ROCKED IT tonight in LA!! Love ya guys and cab wait to see another awesome show soon,1
 are u planning on doing cardio for 1.5 hrs? If so that`s very reasonable  whatcha do last night?,1
Had a nice dinner with mom! I`ve started the chicken rolls. They are going to cook overnight. The rest I`ll do tomorrow.,1
 and welcome to dk  #jaoo,1
happy mother`s day to all your mom`s,1
" Hey Steve.   I think you are such an awesome actor. I love every movie you are in, and I love The Office.",1
  Have fun! Wish your mums a happy mother`s day for us!,1
i wish my drems could come true,1
 Keep the suggestions coming...I love the classics!,1
"working away just now, hopefully it stays nice for the afternoon and evening! possible BBQ weather!",1
OMG 17 again... I`m so buying that on DVD   Yeahness for another good movie  Also thanks to my movie buddies :],1
Great day. And another one awaits,1
"Watching Nemecek go on her computer, fun!  Lol I keed!  Norms was fun",1
Good morning Sunshine   Tiime for $chooooL ! lol . BBL`,1
Happy Birthday tooo meeee... Happy Birthday tooo meeee...,1
"Happy Mothers Day to all that are, all that are trying, and all that haven`t nailed their teenagers to a tree",1
enjoying my new car,1
enjoying lazying around eating roses chocolates  x,1
I just had a lovely lunch of curried rice and mussels with baby octopus - yum,1
 Love to see that!,1
I would LOVE to ride the superman right now...,1
 http://twitpic.com/4wh4d - this is a very pretty picture,1
such a nice day and i`m gonna be stuck inside all night,1
" yw, it gets really hot there in the middle of the summer like 110+ but right now its perfect! and less then an hour away.",1
_club wished I could have been there last night. Sounds like it was rocking! Can`t wait to see pix or vids,1
 Cool!!! No wonder you didn`t sleep much,1
 one day my hugs will come    *fingers still crossed*,1
_78 Elaine`s my online mommy too. She gives good advice.,1
 PRETTY! I hope I win,1
I want to wish all the Mommy`s a happy mothers day!,1
 Bye ! Have a great time being whisked away,1
" Happy Birthday, David",1
Thanks to:      New followers!,1
"just got back from hangin with the bestie at the pool, soo nice",1
"loves GOSSIP GIRL Episode 23, The Wrath of Con",1
 We saw that in none 3D - the baddie`s the best,1
I love Metal Gear Solid 4 and Valkyria Chronicles.,1
 Don`t think you would be happy if you were...,1
"Wooow, I haven`t charged my iPod Touch all day today, and it`s still ALIVE! That`s so coolio",1
_pearlman  mow love mow,1
Joey`s getting a new lizard... This should be fun  x,1
 at least she doesnt try to violently hump you like my (female) dog does,1
 Happy Anoop Day to you Monica,1
Wish I was in Chicago.,1
have you ever met a guy thatv was everything you want and need but you never really went for it w/ him ? g`nite Daddy,1
 bahaha i loook like kung fu panda when i wake up in the morning.,1
loving life lately!!!!  Looking forward to going to see Samantha! Hanging out with Natalie right now!,1
I need to memorize julius caesar lines,1
"my girlfriend still likes sesame st, and so do I",1
Really wish I could have gone to  this weekend,1
" -I don`t have a ticket, my boyfriend isn`t that into them, it might rain, and I`m on a budget...boo!  I <3  tho",1
"had a great weekend in Stuttgart at the befah-conference. Wonderful people, nice discussions and lots of fun. Together we`re strong!",1
"   that was flippin` sweet, dudes. thanks for sharing",1
"So much to do this summer, hopefully all comes in favor and nothing has to be cancelled  worked hard for it...",1
I hope my mom enjoys her Mother`s Day gift,1
is helping  making a twitter account,1
 Mine too! Hayley is great,1
" I usually do if there is choice, but I am lucky in that most foods I love are generally very healthy (except ice cream!!).",1
 where and when is your next show? or upcoming ones? i really want to see you guys,1
" Here, have fun with this: http://bit.ly/PlNm4",1
"  thankyou very much, you rock!",1
in park slope brooklyn working the bust photoshoot. this is so exciting! &no more fever! but my tonsils are the size of golfballs,1
Happy Mother`s Day to all the mothers!!,1
 I heart you girls!! Let`s hang out soon!,1
Good days with good friends make me not regret living,1
 oh that makes sense! Well you are officially my first  from a celebrity!!,1
 may I please have a couple promo codes to your EA apps? Thanks so much!,1
_W wow-thanks soo much. Hope your well,1
"Have beautiful dreams all, I`m off to snuggle down with my beautiful babies as they are done with the outdoors.",1
 oh no not difficult. It`s just nuts that`s how you have to market yourselves on home turf,1
Can`t believe how gorgeous the weather has been today & I`ve had to spend it at work!,1
 We said anyone could 'write one'...those special 10 selected are - of course - chosen because they are OUTSTANDING!,1
"  Jane Austen`s books!,    Pride and Prejudice & Emma are great!!, Also  Northanger Abbey!",1
 oh great.,1
 awww boo! I **** lovee doing all the girly thingss,1
 whooop! you got me on twitter!!  dang our line of communication keeps growing!,1
 Thats nice. My cousin just left my house. He has daughter`s their all daddy`s girls. So sweet,1
 yes LOL that`s good one .remeber that bottoms are always the top .,1
 HAHA I LOVE THE WAY U PUT IT 'He lifts our feet off the ground spins us around and makes us crazier',1
Love 'good girls go bad',1
i have a whole day planned for my mom today that i know she will love!,1
  Hello there hope your over your flu now,1
Feeling special @ looking4him first guy to give me flowers.,1
" OMG! Taylors in London! Your near Scotland, please come visit Glasgow",1
 I KNOW! I love Nicholas Braun & I think he`ll make an okay Cameron but I don`t wanna see it either,1
 hong kong is great for crazy 'English names'. A friend works with a 'miss chewbacca leung',1
" Yes, you really should!",1
I love it when it rains on me when im golfing,1
Good morning! Driving to work,1
Gdnight Tweeters (: Night  sleep tight and don`t steal my blankets  Otay! I love YOUS,1
 I don`t watch - just wish - TV`s been off for months- I love it  Guess I won`t win though LOL,1
happy mothers day... *i love you mom...*,1
 I love flock on ubuntu,1
" oh, joy. We have the Elmo potty video too.",1
Creating your business in The US from France looks quiet easy,1
" Poor kitties  If there`s nothing that can be done, hopefully you`ll at least be able to find her a good home",1
just had the most emo moment too many tears love my family and sorors,1
Today was fun  I <3 meeting boardies! The acoustic set was just soo phenomenal!,1
 well if i use all my tweets will be the push to make me go to the shop. and by the time im back it will be over hopefully,1
Dane Cook is at the sports arena tonight. Wish I had tickets,1
 Yeah i like it,1
 let me know how it goes I`m praying. Ummmph. I still can`t believe it.,1
"  I gave up cable in these tough economic times.  it was either cable or shoes, and you know what cable lost",1
DUSTBIN BABY ON AT 11.30 Cannot wait  x,1
 Wow.  is constantly ranting about his love for Genghis Grill too. Never been there; not here in Colorado.,1
" Oh Jordan! Iï¿½m ready for the next contest, baby!!!! Canï¿½t wait! Kisses from Brazil. I love you!",1
" wow 41,000 now....your really kickin` Carey`s butt with this competition! See you both very soon!",1
 aww thanx andy,1
C-News wasn`t as bad as I expected... could have done better... but today we did a great show...,1
 I totally did go! and he was AMAZING. He`s is the reason I bought the tix. He only did 3 songs. But Blood Bank was 1.,1
i likee you  a lott lott .  think you really hot hot (8) good night,1
"just got home from Tillie`s dance recital. lol, it was spectacular!",1
 Moral support for students,1
"So happy that it`s FINALLY May!    The Indy 500.  Was there for the horrors of 1973, yet I still remain held captive by Indy`s spirit...",1
" o_O thats cool. Dang, iHave to clean my room now  lol, but good luck w/those jobs gurl",1
_Inovera Hi Jakki! Thanks for the hug - right back at ya,1
"Grew fat today  GSS was so hxc I saw a full house Chanel, JC, Pedder Red and Ferragamo! How great is the economic downturn.",1
"Gmorning   ooh giirll, Mondays",1
 understandable. yah i leave on monday! I`ll be gone when you`re in chi,1
 I created my account just to get a chance to chat with you (: I ADMIRE YOU! you`re amazing! you inspire me to write  <3,1
wants cookie,1
  just wanted to say that I <3 ur music(both the scene aesthetic n Danger Radio) Hopefully i will get to see u guys 1 day,1
"Next thing to do tomorrow morning: Temperature Check! It`s gonna be a routine till Swine Flu dies. Good Night, everyone!",1
 Oh no!! I hope it`s not bad,1
Having a great chat with a friend. He`s totally putting my mind at ease,1
"Want: Trip to Boston next month. Need: Addit`l motivation to save the $ to do so.  Beloved daughter wants to go with, which = 2x the $.",1
Music soothes the soul...,1
Download movie  'Jackass 3' http://tinyurl.com/caotku cool #movie,1
Site of our first date - Macri`s Deli - closed.  Lunching at favorite local Greek spot - The Trojan Horse - instead.,1
_Gamefan Thanks  I love 'Misery Business'; Paramore is such a great band!,1
says Happy Mother`s Day to all Moms out there  http://plurk.com/p/stkr2,1
just came back from a nice bike ride with her family and is now refreshed thanks to a shower,1
" I have yet to understand any sentence u have ever typed,but it`s kinda fun-like learning a foreign language&I love to quote u.",1
_eyedea I love last.fm but find it a lot easier (and more content) on spotify  add me on http://last.fm/user/an0key if you like,1
"  Welcome to Twitter  It`s really cool that you are here! Greetings from Vienna,Austria",1
is going to help lancey cook,1
 people dont get into fender benders on the way to school that just doesnt happen hahahahah,1
Rain makes for a good study day  almost done!!,1
There was no traffic at all on my way home and all traffic lights were green.Im afraidIowe karma a big check,1
  but i love your haaaaair!,1
@ Nickchien _ i am happy to break my twitter virginity with you two.,1
Working technology! I love you WAZ!,1
 aw its okay tht happened wid me too..am so glad thts OVER now!am not helpin here am i?!?lol thnx for postin WMIAD  loved it,1
_navarro I wish this area offered chinese food delivery,1
" Yes, we will! We should maybe do it in a DM though so we don`t annoy our followers. Thought of that too late.    Good night!",1
my favourite song tonight is cheer it on by Tokyo Police Club,1
12:06am and my 'him' is officially the 1st one to say Happy Mother`s Day to me   I love it!!!,1
"Yay, a live demo of Rhodes. Loving this more and more  #euruko",1
FREE UNLIMITED RINGTONES!!! - http://tinyurl.com/freeringring - USA ONLY - Awesome 4 iphone,1
wellity! i think ima gonna clean my room :| ****. i need to read a good book. sense and sensibility here we come! BEAT THE LILY,1
" Thanks for the feedback. Surreal life, surreal oils",1
 A+ for effort though  http://bit.ly/Mco5v,1
end of work... Thank God! I accomplished a number of things...  http://plurk.com/p/rpaag,1
"Hurray! 'Summer-time' starts today, meaning I only have to work until 4 pm, instead of 4.30. Until August! Yay!",1
" u go Mariah,never listen to the haters  I have been a fan for so long and am so grateful for ur music. Can`t wait 4 the album",1
 nah i understand you cant cancel i just wanted you to come,1
my head feels sooooooooooo much better,1
"yay, just got my stuff from rygegrej.dk  Perfect tastes like banana and apple",1
........ Lala.. Little girl! I love these new songs!   Iï¿½ve answered u ^^ Love to all you freaky twitter guys ;D,1
You know funny thing about everyone packing for E3 is that I am packing to go to mexico... not E3,1
" Thanks, Brad!  Looking forward to chatting with you too.. btw, like your new pix!",1
 WOOOOOOOOOO   are you coming to Nottingham at any point?  lovelovelove<3,1
"Why does #googledocs do folders, instead of labels like #gmail? I kind of like labels",1
Happy Star Wars Day!!!,1
"Has just finished uploading my latest chap  Finally! Now, off to watch the new HappySlip vid :3",1
  Cool...a VERY productive day! I just got a spot as an extra in a feature film that is filming tomorrow  AWESOME week all around!,1
Happy Mothers day to all you MI.. mothers out there.   Thanks for doing what you do .. whatever that is,1
 Really laughing out loud! Seeing a limo in front of MacDonalds is just to funny!,1
